{
  "train_loss": [
    0.5425738730238131,
    0.30961202107162833,
    0.235490755682862,
    0.20142170295350809,
    0.16364856981864734,
    0.14538426931903758,
    0.1280165732245253,
    0.11626812648395202,
    0.10593444448290776,
    0.10276780898942567,
    0.0884084421093902,
    0.08111511195779486
  ],
  "val_loss": [
    0.2820426079275857,
    0.1973619196733424,
    0.16202774185461025,
    0.15991003831342557,
    0.18037817299820516,
    0.1549062874406192,
    0.13659316059197057,
    0.1323252899017329,
    0.21850621422873714,
    0.11774679997266357,
    0.12789390364854297,
    0.12397754087342797
  ],
  "val_f1": [
    0.9348548516815702,
    0.940766356929296,
    0.9449424724217734,
    0.9477850912019906,
    0.9426671595282871,
    0.9687910918404533,
    0.9697088845946409,
    0.9643526304461524,
    0.907270314542478,
    0.961922391705495,
    0.9770733273202619,
    0.9702083468954351
  ]
}